Context Sequence,Indel frequency
GCGAACTGAGAAGGGCCAAGGTATTGTGGCAGCA,100.0
GAACCTTTGCTGCCACAATACCTTGGCCCTTCTC,56.0
CAATACCTTGGCCCTTCTCAGTTCGCTACGACTC,38.0
GAAGGGCCAAGGTATTGTGGCAGCAAAGTTCCTA,52.0
GAAGGGCCAAGGTATTGTGGCAGCAAAGTTCCTA,59.0
TCGTAGCGAACTGAGAAGGGCCAAGGTATTGTGG,95.0
AGAAGGGCCAAGGTATTGTGGCAGCAAAGTTCCT,35.0
GAGAAGGGCCAAGGTATTGTGGCAGCAAAGTTCC,21.0
CTGAGAAGGGTTAAGGTATTGTGGCAGCAAAGTT,14.0
GCGAACTGAGAAGGGCCAAGGTATAGTGGCAGCA,79.0
TACCTTTGCTGCCACAATCCCTTGGCCCTTCTCA,71.0
AGTAGCCTGTGATAAAAGCAACTGTTAGCTTGAA,100.0
CCTGGGGCATAGAGCCAGCCCTGTATCGCTTTAA,3.0
CTAGTCTAGTGCAAGCTAACAGTTGCTTTTATCA,17.0
GGACTTTGCACTGGAATCAGCTATCTGCTCTTAA,46.0
AGTAGCCTGTGATAAAAGCAACTGTTAGCTTGCA,75.0
CTTTTCTGGCCTATGTTATTACCTGTATGGACTA,52.0
TCTGCTTCGGTGTCGAAATGAGAAGAAGAGGCAA,46.0
GCAACCTTGCTCGCGGACCCAGACTACAGCCCAA,30.0
GAAGTTTTGTAGTGAAGGGAAGGTTTGCTGCTAA,65.0
TAACCTCTGAATGCCCAGACTTGTCCCAGATCCA,59.0
CTCTACCTGAGGGCAAGAGGTAATCCAGGTCTAA,53.0
ACCACTTTGCTCCAATTCTGAAAATTCCTTCAAA,60.0
TGCTTTTAAATGTGATGTTATAAGCCTAAGGCAA,83.0
AGAATCCTGGACCGTATGCGGAGGGCACTTTCAA,62.0 
TGCCCTCCGCATACGGTCCAGGATTCTCTTCGAA,43.0
GACCATTTCCAAGAGCCATATAGACCAGCGCTAA,66.0
CACGCCCAAGGGGTGTTCACTGCTGGCCTCCGAA,71.0
TGATGTTTGACAAGACTGGCACCATTACCCATGA,28.0
CAATACCTTGGCCCTTCTCAGTTCGCTACGACTA,34.0
GAACTTTGCTGCCACAATACCTTGGCCCTTCTCA,53.0
GGAACTTTGCTGCCACAATACCTTGGCCCTTCTA,60.0
GAACTGAGAAGGGCCAAGGTATTGTGGCAGCAAA,23.0
GAACTGAGAAGGGCCAAGGTATTGTGGCAGCAAA,20.0
AGAAGGGCCAAGGTATTGTGGCAGCAAAGTTCCA,6.0
GAGAAGGGCCAAGGTATTGTGGCAGCAAAGTTCA,3.0
CTGAGAAGGGCCAAGGTATTGTGGCAGCAAAGTA,8.0
GCGAACTGAGAAGGGCCAAGGTATTGTGGCAGAA,94.0
TCGTAGCGAACTGAGAAGGGCCAAGGTATTGTGG,12.0
TACCTTTCTCCAAATGGTGCCCTTCACTCAAGCA,60.0
AAGCCTTGACAAATTGAAGGAGGTGAGGGAGTAA,39.0
GAGTTTTAGACATCATTGACCAGAGCTCTGGGAA,54.0
AGGCCTCTGCTTCACCCAGTTCATCCAGTAGCAA,62.0
GTCTGTCTGCCTATTCACCGATTTTGATTCTCAA,25.0
CGCTGTTGCCGCTGTTGCCGCCGCTGCTGCTGAA,31.0 
CGCCGCTGCTGCTGTTGCTGCCGCTGCTGCTGAA,23.0 
CGCTGCCGCTGCTGTTGCCGCCGCTGCTGCCGAA,15.0 
TGCTGCTGCTGCTGTTGCTGCCGCTGCTGCTCAA,27.0 
AGAAATTGCCTCTGTTGCTGCCTCTGCTGCTGAA,38.0 
CATACCTTGGAGCAACGGCGGAAGGTGGCGGTAA,31.0 
GGGAGCCGCTCTTCGTGGCCGCGGCGCCGGACAA,2.0 
AGCGTCCCGTCCTCCCGCCGTCGCTGCCCGCGAA,29.0 
TAATATTAACTATCCACCACTGCGTCCCTCCAAA,45.0 
GATGCTCTGAGATGTTGTACTGAAGAGCATTCAA,27.0 
TCTAGCTACAGTGAAATCTCGATGGAGTGGGTAA,33.0 
TCTAGCTACAGAGAAATCTCGATGGAGTGGGTAA,33.0 
ACATGTTGAGCTGCCGCACGAAGCTGGCCATGTA,35.0
ACTGCCCTGCTTCCTCCCAGCTGAGATCTCTGAA,25.0
GGGCCCCTGGGTGAATCAGAGACAGAAGTCAGAA,36.0
