34bp reverse complement of the target,Score
GCGAACTGAGAAGGGCCAAGGTATTGTGGCAGCA,100%
GAACCTTTGCTGCCACAATACCTTGGCCCTTCTCA,56%
CAATACCTTGGCCCTTCTCAGTTCGCTACGACTC,38%
GAAGGGCCAAGGTATTGTGGCAGCAAAGTTCCTAC,52%
GAAGGGCCAAGGTATTGTGGCAGCAAAGTTCCTA,59%
TCGTAGCGAACTGAGAAGGGCCAAGGTATTGTGG,95%
AGAAGGGCCAAGGTATTGTGGCAGCAAAGTTCCTA,35%
GAGAAGGGCCAAGGTATTGTGGCAGCAAAGTTCCA,21%
CTGAGAAGGGTTAAGGTATTGTGGCAGCAAAGTTC,14%
GCGAACTGAGAAGGGCCAAGGTATAGTGGCAGCA,79%
TACCTTTGCTGCCACAATCCCTTGGCCCTTCTCA,71%
AGTAGCCTGTGATAAAAGCAACTGTTAGCTTG,100%
CCTGGGGCATAGAGCCAGCCCTGTATCGCTTT,3%
CTAGTCTAGTGCAAGCTAACAGTTGCTTTTATC,17%
GGACTTTGCACTGGAATCAGCTATCTGCTCTTA,46%
AGTAGCCTGTGATAAAAGCAACTGTTAGCTTGC,75%
CTTTTCTGGCCTATGTTATTACCTGTATGGACT,52%
TCTGCTTCGGTGTCGAAATGAGAAGAAGAGGC,46%
GCAACCTTGCTCGCGGACCCAGACTACAGCCC,30%
GAAGTTTTGTAGTGAAGGGAAGGTTTGCTGCT,65%
TAACCTCTGAATGCCCAGACTTGTCCCAGATCC,59%
CTCTACCTGAGGGCAAGAGGTAATCCAGGTCT,53%
ACCACTTTGCTCCAATTCTGAAAATTCCTTCA,60%
TGCTTTTAAATGTGATGTTATAAGCCTAAGGC,83%
agaatcctggaccgTATGCGGAGGGCACTTTC,62%
TGCCCTCCGCATAcggtccaggattctcttcg,43%
GACCATTTCCAAGAGCCATATAGACCAGCGCT,66%
CACGCCCAAGGGGTGTTCACTGCTGGCCTCCG,71%
TGATGTTTGACAAGACTGGCACCATTACCCATG,28%
CAATACCTTGGCCCTTCTCAGTTCGCTACGACT,34%
GAACTTTGCTGCCACAATACCTTGGCCCTTCTC,53%
GGAACTTTGCTGCCACAATACCTTGGCCCTTCT,60%
GAACTGAGAAGGGCCAAGGTATTGTGGCAGCAAAGTTCC,23%
GAACTGAGAAGGGCCAAGGTATTGTGGCAGCAAAGTTCCT,20%
AGAAGGGCCAAGGTATTGTGGCAGCAAAGTTCC,6%
GAGAAGGGCCAAGGTATTGTGGCAGCAAAGTTC,3%
CTGAGAAGGGCCAAGGTATTGTGGCAGCAAAGT,8%
GCGAACTGAGAAGGGCCAAGGTATTGTGGCAG,94%
TCGTAGCGAACTGAGAAGGGCCAAGGTATTGTGGCAGCAAAGTTCC,12%
TACCTTTCTCCAAATGGTGCCCTTCACTCAAGC,60%
AAGCCTTGACAAATTGAAGGAGGTGAGGGAGT,39%
GAGTTTTAGACATCATTGACCAGAGCTCTGGG,54%
AGGCCTCTGCTTCACCCAGTTCATCCAGTAGC,62%
GTCTGTCTGCCTATTCACCGATTTTGATTCTC,25%
cgctgttgccgctgttgccgccgctgctgctg,31%
cgccgctgctgctgttgctgccgctgctgctg,23%
cgctgccgctgctgttgccgccgctgctgccg,15%
tgctgctgctgctgttgctgccgctgctgctc,27%
agaaattgcctctgttgctgcctctgctgctg,38%
cataccttggagcaacggcggaaggtggcggt,31%
gggagccgctcttcgtggccgcggcgccggac,2%
agcgtcccgtcctcccgccgtcgctgcccgcg,29%
taatattaactatccaccactgcgtccctcca,45%
gatgctctgagatgttgtactgaagagcattc,27%
TCTAGCTACAGTGAAATCTCGATGGAGTGGGT,33%
TCTAGCTACAGAGAAATCTCGATGGAGTGGGT,33%
acatgttgagctgccgcacgaagctggccatgt,35%
ACTGCCCTGCTTCCTCCCAGCTGAGATCTCTG,25%
GGGCCCCTGGGTGAATCAGAGACAGAAGTCAG,36%